<x:xmpmeta tsc:version="2.0.1" xmlns:x="adobe:ns:meta/" xmlns:tsc="http://www.techsmith.com/xmp/tsc/">
   <rdf:RDF xmlns:rdf="http://www.w3.org/1999/02/22-rdf-syntax-ns#" xmlns:xmp="http://ns.adobe.com/xap/1.0/" xmlns:xmpDM="http://ns.adobe.com/xmp/1.0/DynamicMedia/" xmlns:xmpG="http://ns.adobe.com/xap/1.0/g/" xmlns:xmpMM="http://ns.adobe.com/xap/1.0/mm/" xmlns:tscDM="http://www.techsmith.com/xmp/tscDM/" xmlns:tscIQ="http://www.techsmith.com/xmp/tscIQ/" xmlns:tscHS="http://www.techsmith.com/xmp/tscHS/" xmlns:stDim="http://ns.adobe.com/xap/1.0/sType/Dimensions#" xmlns:stFnt="http://ns.adobe.com/xap/1.0/sType/Font#" xmlns:exif="http://ns.adobe.com/exif/1.0" xmlns:dc="http://purl.org/dc/elements/1.1/">
      <rdf:Description dc:date="2024-12-17 07:57:52 PM" dc:source="Camtasia,21.0.11,enu" dc:title="module26_3" tscDM:firstFrame="module26_3_First_Frame.png" tscDM:originId="2D7B8636-3B64-4FBA-AD3C-C6FCBDD791C7" tscDM:project="module26_3">
         <xmpDM:duration xmpDM:scale="1/1000" xmpDM:value="236566"/>
         <xmpDM:videoFrameSize stDim:unit="pixel" stDim:h="904" stDim:w="1418"/>
         <tsc:langName>
            <rdf:Bag>
               <rdf:li xml:lang="en-US">English</rdf:li></rdf:Bag>
         </tsc:langName>
         <xmpDM:Tracks>
            <rdf:Bag>
               <rdf:li>
                  <rdf:Description xmpDM:trackType="Caption" xmpDM:frameRate="f1000" xmpDM:trackName="Captioning" stFnt:fontFamily="Arial" tscDM:fontSize="30" tscDM:bgOpacity="0.750000" tscDM:position="overlay">
                     <xmpDM:markers>
                        <rdf:Seq>
                           <rdf:li><rdf:Description xmpDM:duration="5000" xmpDM:startTime="0" tscDM:valign="bottom" tscDM:halign="center"><xmpDM:name><rdf:Alt><rdf:li xml:lang="en-US">{\rtf1 Bây giờ bạn sẽ có cơ hội lắng nghe các chuyên gia và hướng dẫn các học viên của bạn giải thích chi tiết về}</rdf:li></rdf:Alt></xmpDM:name></rdf:Description></rdf:li><rdf:li><rdf:Description xmpDM:duration="4000" xmpDM:startTime="5000" tscDM:valign="bottom" tscDM:halign="center"><xmpDM:name><rdf:Alt><rdf:li xml:lang="en-US">{\rtf1 một số chủ đề đã được giới thiệu trong Quỹ.}</rdf:li></rdf:Alt></xmpDM:name></rdf:Description></rdf:li><rdf:li><rdf:Description xmpDM:duration="2000" xmpDM:startTime="9000" tscDM:valign="bottom" tscDM:halign="center"><xmpDM:name><rdf:Alt><rdf:li xml:lang="en-US">{\rtf1 Chọn bất kỳ chủ đề nào mà bạn quan tâm.}</rdf:li></rdf:Alt></xmpDM:name></rdf:Description></rdf:li><rdf:li><rdf:Description xmpDM:duration="2000" xmpDM:startTime="11000" tscDM:valign="bottom" tscDM:halign="center"><xmpDM:name><rdf:Alt><rdf:li xml:lang="en-US">{\rtf1 Khi bạn đã sẵn sàng để tiếp tục, hãy nhấp vào Tiếp tục.}</rdf:li></rdf:Alt></xmpDM:name></rdf:Description></rdf:li><rdf:li><rdf:Description xmpDM:duration="17000" xmpDM:startTime="13000" tscDM:valign="bottom" tscDM:halign="center"><xmpDM:name><rdf:Alt><rdf:li xml:lang="en-US">{\rtf1 }</rdf:li></rdf:Alt></xmpDM:name></rdf:Description></rdf:li><rdf:li><rdf:Description xmpDM:duration="6000" xmpDM:startTime="30000" tscDM:valign="bottom" tscDM:halign="center"><xmpDM:name><rdf:Alt><rdf:li xml:lang="en-US">{\rtf1 Một trong những điều thực sự rõ ràng là trẻ em cần có khả năng diễn đạt ý tưởng của mình}</rdf:li></rdf:Alt></xmpDM:name></rdf:Description></rdf:li><rdf:li><rdf:Description xmpDM:duration="7000" xmpDM:startTime="36000" tscDM:valign="bottom" tscDM:halign="center"><xmpDM:name><rdf:Alt><rdf:li xml:lang="en-US">{\rtf1 trên giấy, dù là giấy thường như chúng ta vẫn dùng hay văn bản kỹ thuật số.}</rdf:li></rdf:Alt></xmpDM:name></rdf:Description></rdf:li><rdf:li><rdf:Description xmpDM:duration="2000" xmpDM:startTime="43000" tscDM:valign="bottom" tscDM:halign="center"><xmpDM:name><rdf:Alt><rdf:li xml:lang="en-US">{\rtf1 Không quan trọng là cái nào.}</rdf:li></rdf:Alt></xmpDM:name></rdf:Description></rdf:li><rdf:li><rdf:Description xmpDM:duration="4000" xmpDM:startTime="45000" tscDM:valign="bottom" tscDM:halign="center"><xmpDM:name><rdf:Alt><rdf:li xml:lang="en-US">{\rtf1 Bạn cần có khả năng làm điều đó một cách trôi chảy và tự động mà không cần suy nghĩ.}</rdf:li></rdf:Alt></xmpDM:name></rdf:Description></rdf:li><rdf:li><rdf:Description xmpDM:duration="4000" xmpDM:startTime="49000" tscDM:valign="bottom" tscDM:halign="center"><xmpDM:name><rdf:Alt><rdf:li xml:lang="en-US">{\rtf1 Nếu không, nó sẽ ảnh hưởng tới các quá trình viết khác.}</rdf:li></rdf:Alt></xmpDM:name></rdf:Description></rdf:li><rdf:li><rdf:Description xmpDM:duration="4000" xmpDM:startTime="53000" tscDM:valign="bottom" tscDM:halign="center"><xmpDM:name><rdf:Alt><rdf:li xml:lang="en-US">{\rtf1 Điều đó đặc biệt quan trọng khi chúng ta tập trung vào trẻ em khuyết tật học tập và những trẻ em khác}</rdf:li></rdf:Alt></xmpDM:name></rdf:Description></rdf:li><rdf:li><rdf:Description xmpDM:duration="2000" xmpDM:startTime="57000" tscDM:valign="bottom" tscDM:halign="center"><xmpDM:name><rdf:Alt><rdf:li xml:lang="en-US">{\rtf1 ở các lớp tiểu học.}</rdf:li></rdf:Alt></xmpDM:name></rdf:Description></rdf:li><rdf:li><rdf:Description xmpDM:duration="8000" xmpDM:startTime="59000" tscDM:valign="bottom" tscDM:halign="center"><xmpDM:name><rdf:Alt><rdf:li xml:lang="en-US">{\rtf1 Tuy nhiên, một số trẻ vẫn viết chữ rất chậm và vụng về hoặc gặp khó khăn khi đánh vần.}</rdf:li></rdf:Alt></xmpDM:name></rdf:Description></rdf:li><rdf:li><rdf:Description xmpDM:duration="5000" xmpDM:startTime="67000" tscDM:valign="bottom" tscDM:halign="center"><xmpDM:name><rdf:Alt><rdf:li xml:lang="en-US">{\rtf1 Các em đang học lớp sáu và vẫn viết sai chính tả một trong bốn từ.}</rdf:li></rdf:Alt></xmpDM:name></rdf:Description></rdf:li><rdf:li><rdf:Description xmpDM:duration="4000" xmpDM:startTime="72000" tscDM:valign="bottom" tscDM:halign="center"><xmpDM:name><rdf:Alt><rdf:li xml:lang="en-US">{\rtf1 Sẽ đến lúc chúng ta phải bắt đầu tìm kiếm giải pháp thay thế.}</rdf:li></rdf:Alt></xmpDM:name></rdf:Description></rdf:li><rdf:li><rdf:Description xmpDM:duration="6000" xmpDM:startTime="76000" tscDM:valign="bottom" tscDM:halign="center"><xmpDM:name><rdf:Alt><rdf:li xml:lang="en-US">{\rtf1 Vì vậy, chúng ta vẫn có thể tăng thời gian dành cho việc hướng dẫn viết tay và đánh vần}</rdf:li></rdf:Alt></xmpDM:name></rdf:Description></rdf:li><rdf:li><rdf:Description xmpDM:duration="2000" xmpDM:startTime="82000" tscDM:valign="bottom" tscDM:halign="center"><xmpDM:name><rdf:Alt><rdf:li xml:lang="en-US">{\rtf1 ở các trường tiểu học.}</rdf:li></rdf:Alt></xmpDM:name></rdf:Description></rdf:li><rdf:li><rdf:Description xmpDM:duration="4000" xmpDM:startTime="84000" tscDM:valign="bottom" tscDM:halign="center"><xmpDM:name><rdf:Alt><rdf:li xml:lang="en-US">{\rtf1 Nhưng nếu chúng ta có một đứa trẻ đang gặp nhiều khó khăn trong việc viết tay,}</rdf:li></rdf:Alt></xmpDM:name></rdf:Description></rdf:li><rdf:li><rdf:Description xmpDM:duration="5000" xmpDM:startTime="88000" tscDM:valign="bottom" tscDM:halign="center"><xmpDM:name><rdf:Alt><rdf:li xml:lang="en-US">{\rtf1 chúng ta cần bắt đầu chuyển sang viết bằng kỹ thuật số.}</rdf:li></rdf:Alt></xmpDM:name></rdf:Description></rdf:li><rdf:li><rdf:Description xmpDM:duration="3000" xmpDM:startTime="93000" tscDM:valign="bottom" tscDM:halign="center"><xmpDM:name><rdf:Alt><rdf:li xml:lang="en-US">{\rtf1 Ý tôi là, có lẽ chúng ta nên viết bằng kỹ thuật số ở trường học.}</rdf:li></rdf:Alt></xmpDM:name></rdf:Description></rdf:li><rdf:li><rdf:Description xmpDM:duration="2000" xmpDM:startTime="96000" tscDM:valign="bottom" tscDM:halign="center"><xmpDM:name><rdf:Alt><rdf:li xml:lang="en-US">{\rtf1 Nhưng đó là một kỹ thuật rất hữu ích.}</rdf:li></rdf:Alt></xmpDM:name></rdf:Description></rdf:li><rdf:li><rdf:Description xmpDM:duration="7000" xmpDM:startTime="98000" tscDM:valign="bottom" tscDM:halign="center"><xmpDM:name><rdf:Alt><rdf:li xml:lang="en-US">{\rtf1 Và nếu chúng ta đến trường trung học và chúng ta vẫn có con thông qua văn bản kỹ thuật số với việc đánh máy}</rdf:li></rdf:Alt></xmpDM:name></rdf:Description></rdf:li><rdf:li><rdf:Description xmpDM:duration="3000" xmpDM:startTime="105000" tscDM:valign="bottom" tscDM:halign="center"><xmpDM:name><rdf:Alt><rdf:li xml:lang="en-US">{\rtf1 hoặc văn bản viết tay hoặc vẫn đang vật lộn với một số kỹ năng này,}</rdf:li></rdf:Alt></xmpDM:name></rdf:Description></rdf:li><rdf:li><rdf:Description xmpDM:duration="3000" xmpDM:startTime="108000" tscDM:valign="bottom" tscDM:halign="center"><xmpDM:name><rdf:Alt><rdf:li xml:lang="en-US">{\rtf1 chúng ta có thể muốn xem xét tổng hợp giọng nói như một giải pháp thay thế.}</rdf:li></rdf:Alt></xmpDM:name></rdf:Description></rdf:li><rdf:li><rdf:Description xmpDM:duration="5000" xmpDM:startTime="111000" tscDM:valign="bottom" tscDM:halign="center"><xmpDM:name><rdf:Alt><rdf:li xml:lang="en-US">{\rtf1 Và nhiều học sinh trung học mắc chứng LD đã thực hiện sự thay đổi đó trước khi vào đại học.}</rdf:li></rdf:Alt></xmpDM:name></rdf:Description></rdf:li><rdf:li><rdf:Description xmpDM:duration="2000" xmpDM:startTime="116000" tscDM:valign="bottom" tscDM:halign="center"><xmpDM:name><rdf:Alt><rdf:li xml:lang="en-US">{\rtf1 }</rdf:li></rdf:Alt></xmpDM:name></rdf:Description></rdf:li><rdf:li><rdf:Description xmpDM:duration="17000" xmpDM:startTime="118000" tscDM:valign="bottom" tscDM:halign="center"><xmpDM:name><rdf:Alt><rdf:li xml:lang="en-US">{\rtf1 Tôi từng có một ông chủ.}</rdf:li></rdf:Alt></xmpDM:name></rdf:Description></rdf:li><rdf:li><rdf:Description xmpDM:duration="4000" xmpDM:startTime="135000" tscDM:valign="bottom" tscDM:halign="center"><xmpDM:name><rdf:Alt><rdf:li xml:lang="en-US">{\rtf1 Tôi đã làm việc ở một nhà ăn khi còn học đại học.}</rdf:li></rdf:Alt></xmpDM:name></rdf:Description></rdf:li><rdf:li><rdf:Description xmpDM:duration="3000" xmpDM:startTime="139000" tscDM:valign="bottom" tscDM:halign="center"><xmpDM:name><rdf:Alt><rdf:li xml:lang="en-US">{\rtf1 Và anh ấy khiến bạn cảm thấy thoải mái khi rửa bát.}</rdf:li></rdf:Alt></xmpDM:name></rdf:Description></rdf:li><rdf:li><rdf:Description xmpDM:duration="2000" xmpDM:startTime="142000" tscDM:valign="bottom" tscDM:halign="center"><xmpDM:name><rdf:Alt><rdf:li xml:lang="en-US">{\rtf1 Nhưng thực hiện điều đó không hề dễ dàng.}</rdf:li></rdf:Alt></xmpDM:name></rdf:Description></rdf:li><rdf:li><rdf:Description xmpDM:duration="5000" xmpDM:startTime="144000" tscDM:valign="bottom" tscDM:halign="center"><xmpDM:name><rdf:Alt><rdf:li xml:lang="en-US">{\rtf1 Và lý do ông có thể làm được điều đó là ông có thể sử dụng lời khen một cách hiệu quả.}</rdf:li></rdf:Alt></xmpDM:name></rdf:Description></rdf:li><rdf:li><rdf:Description xmpDM:duration="4000" xmpDM:startTime="149000" tscDM:valign="bottom" tscDM:halign="center"><xmpDM:name><rdf:Alt><rdf:li xml:lang="en-US">{\rtf1 Và vì vậy, tôi nghĩ ông ấy đã sử dụng lời khen ngợi, điều đó phù hợp hơn ở trường trung học cơ sở và trung học phổ thông.}</rdf:li></rdf:Alt></xmpDM:name></rdf:Description></rdf:li><rdf:li><rdf:Description xmpDM:duration="1000" xmpDM:startTime="153000" tscDM:valign="bottom" tscDM:halign="center"><xmpDM:name><rdf:Alt><rdf:li xml:lang="en-US">{\rtf1 mức độ.}</rdf:li></rdf:Alt></xmpDM:name></rdf:Description></rdf:li><rdf:li><rdf:Description xmpDM:duration="7000" xmpDM:startTime="154000" tscDM:valign="bottom" tscDM:halign="center"><xmpDM:name><rdf:Alt><rdf:li xml:lang="en-US">{\rtf1 Lời khen ngợi luôn được dành cho cá nhân bạn và cho cả những người lao động khác,}</rdf:li></rdf:Alt></xmpDM:name></rdf:Description></rdf:li><rdf:li><rdf:Description xmpDM:duration="5000" xmpDM:startTime="161000" tscDM:valign="bottom" tscDM:halign="center"><xmpDM:name><rdf:Alt><rdf:li xml:lang="en-US">{\rtf1 hoặc trong trường hợp của một lớp học, không phải trước mặt các bạn cùng lớp, vì nó tạo ra vấn đề}</rdf:li></rdf:Alt></xmpDM:name></rdf:Description></rdf:li><rdf:li><rdf:Description xmpDM:duration="2000" xmpDM:startTime="166000" tscDM:valign="bottom" tscDM:halign="center"><xmpDM:name><rdf:Alt><rdf:li xml:lang="en-US">{\rtf1 khi bạn làm điều đó.}</rdf:li></rdf:Alt></xmpDM:name></rdf:Description></rdf:li><rdf:li><rdf:Description xmpDM:duration="3000" xmpDM:startTime="168000" tscDM:valign="bottom" tscDM:halign="center"><xmpDM:name><rdf:Alt><rdf:li xml:lang="en-US">{\rtf1 Và ông đã khen ngợi rất cụ thể.}</rdf:li></rdf:Alt></xmpDM:name></rdf:Description></rdf:li><rdf:li><rdf:Description xmpDM:duration="5000" xmpDM:startTime="171000" tscDM:valign="bottom" tscDM:halign="center"><xmpDM:name><rdf:Alt><rdf:li xml:lang="en-US">{\rtf1 Và nó luôn liên quan đến điều gì đó bạn đã làm, một thành tựu nào đó bạn đã đạt được}</rdf:li></rdf:Alt></xmpDM:name></rdf:Description></rdf:li><rdf:li><rdf:Description xmpDM:duration="3000" xmpDM:startTime="176000" tscDM:valign="bottom" tscDM:halign="center"><xmpDM:name><rdf:Alt><rdf:li xml:lang="en-US">{\rtf1 đã thực hiện và cải tiến.}</rdf:li></rdf:Alt></xmpDM:name></rdf:Description></rdf:li><rdf:li><rdf:Description xmpDM:duration="4000" xmpDM:startTime="179000" tscDM:valign="bottom" tscDM:halign="center"><xmpDM:name><rdf:Alt><rdf:li xml:lang="en-US">{\rtf1 Bây giờ với những đứa trẻ nhỏ hơn, một sự khác biệt trong điều này là tôi nghĩ chúng ta có thể là một}</rdf:li></rdf:Alt></xmpDM:name></rdf:Description></rdf:li><rdf:li><rdf:Description xmpDM:duration="5000" xmpDM:startTime="183000" tscDM:valign="bottom" tscDM:halign="center"><xmpDM:name><rdf:Alt><rdf:li xml:lang="en-US">{\rtf1 thoải mái hơn một chút về việc sử dụng lời khen ngợi trong bối cảnh lớp học trước mặt mọi người}</rdf:li></rdf:Alt></xmpDM:name></rdf:Description></rdf:li><rdf:li><rdf:Description xmpDM:duration="1000" xmpDM:startTime="188000" tscDM:valign="bottom" tscDM:halign="center"><xmpDM:name><rdf:Alt><rdf:li xml:lang="en-US">{\rtf1 khác.}</rdf:li></rdf:Alt></xmpDM:name></rdf:Description></rdf:li><rdf:li><rdf:Description xmpDM:duration="7000" xmpDM:startTime="189000" tscDM:valign="bottom" tscDM:halign="center"><xmpDM:name><rdf:Alt><rdf:li xml:lang="en-US">{\rtf1 Miễn là chúng ta đảm bảo rằng lời khen được chia sẻ giữa các học sinh chứ không chỉ khen một số ít}</rdf:li></rdf:Alt></xmpDM:name></rdf:Description></rdf:li><rdf:li><rdf:Description xmpDM:duration="2000" xmpDM:startTime="196000" tscDM:valign="bottom" tscDM:halign="center"><xmpDM:name><rdf:Alt><rdf:li xml:lang="en-US">{\rtf1 số lượng học sinh.}</rdf:li></rdf:Alt></xmpDM:name></rdf:Description></rdf:li><rdf:li><rdf:Description xmpDM:duration="5000" xmpDM:startTime="198000" tscDM:valign="bottom" tscDM:halign="center"><xmpDM:name><rdf:Alt><rdf:li xml:lang="en-US">{\rtf1 Ngoài ra, về mặt sử dụng lời khen, khá rõ ràng rằng những học sinh thấy}</rdf:li></rdf:Alt></xmpDM:name></rdf:Description></rdf:li><rdf:li><rdf:Description xmpDM:duration="7000" xmpDM:startTime="203000" tscDM:valign="bottom" tscDM:halign="center"><xmpDM:name><rdf:Alt><rdf:li xml:lang="en-US">{\rtf1 học tập đầy thử thách có thể có lợi hơn nếu chúng ta khen ngợi chúng nhiều hơn liên quan đến những gì chúng}</rdf:li></rdf:Alt></xmpDM:name></rdf:Description></rdf:li><rdf:li><rdf:Description xmpDM:duration="1000" xmpDM:startTime="210000" tscDM:valign="bottom" tscDM:halign="center"><xmpDM:name><rdf:Alt><rdf:li xml:lang="en-US">{\rtf1 LÀM.}</rdf:li></rdf:Alt></xmpDM:name></rdf:Description></rdf:li><rdf:li><rdf:Description xmpDM:duration="1000" xmpDM:startTime="211000" tscDM:valign="bottom" tscDM:halign="center"><xmpDM:name><rdf:Alt><rdf:li xml:lang="en-US">{\rtf1 Bây giờ bạn phải cẩn thận với điều này.}</rdf:li></rdf:Alt></xmpDM:name></rdf:Description></rdf:li><rdf:li><rdf:Description xmpDM:duration="6000" xmpDM:startTime="212000" tscDM:valign="bottom" tscDM:halign="center"><xmpDM:name><rdf:Alt><rdf:li xml:lang="en-US">{\rtf1 Tôi đã từng nói trong một lớp học, nơi tôi nghe một giáo viên nói rằng, trong một giờ, điều đó là tốt}</rdf:li></rdf:Alt></xmpDM:name></rdf:Description></rdf:li><rdf:li><rdf:Description xmpDM:duration="1000" xmpDM:startTime="218000" tscDM:valign="bottom" tscDM:halign="center"><xmpDM:name><rdf:Alt><rdf:li xml:lang="en-US">{\rtf1 250 lần.}</rdf:li></rdf:Alt></xmpDM:name></rdf:Description></rdf:li><rdf:li><rdf:Description xmpDM:duration="3000" xmpDM:startTime="219000" tscDM:valign="bottom" tscDM:halign="center"><xmpDM:name><rdf:Alt><rdf:li xml:lang="en-US">{\rtf1 Bây giờ bạn có thể tưởng tượng nó không có tác dụng gì.}</rdf:li></rdf:Alt></xmpDM:name></rdf:Description></rdf:li><rdf:li><rdf:Description xmpDM:duration="3000" xmpDM:startTime="222000" tscDM:valign="bottom" tscDM:halign="center"><xmpDM:name><rdf:Alt><rdf:li xml:lang="en-US">{\rtf1 Chuyện này như nước đổ đầu vịt vậy.}</rdf:li></rdf:Alt></xmpDM:name></rdf:Description></rdf:li><rdf:li><rdf:Description xmpDM:duration="4000" xmpDM:startTime="225000" tscDM:valign="bottom" tscDM:halign="center"><xmpDM:name><rdf:Alt><rdf:li xml:lang="en-US">{\rtf1 Nhưng lời khen là một trong những điều mà chúng ta cần điều chỉnh tùy thuộc vào độ tuổi của}</rdf:li></rdf:Alt></xmpDM:name></rdf:Description></rdf:li><rdf:li><rdf:Description xmpDM:duration="4000" xmpDM:startTime="229000" tscDM:valign="bottom" tscDM:halign="center"><xmpDM:name><rdf:Alt><rdf:li xml:lang="en-US">{\rtf1 đứa trẻ và có thể về mặt kỹ năng của học sinh với tư cách là người học.}</rdf:li></rdf:Alt></xmpDM:name></rdf:Description></rdf:li></rdf:Seq>
                     </xmpDM:markers>
                     <tsc:fgColor xmpG:red="255" xmpG:green="255" xmpG:blue="255"/><tsc:bgColor xmpG:red="0" xmpG:green="0" xmpG:blue="0"/></rdf:Description>
               </rdf:li>
            </rdf:Bag>
         </xmpDM:Tracks>
         <tscDM:controller>
            <rdf:Description xmpDM:name="tscplayer">
               <tscDM:parameters>
                  <rdf:Bag>
                     <rdf:li xmpDM:name="autohide" xmpDM:value="true"/><rdf:li xmpDM:name="autoplay" xmpDM:value="false"/><rdf:li xmpDM:name="loop" xmpDM:value="false"/><rdf:li xmpDM:name="searchable" xmpDM:value="true"/><rdf:li xmpDM:name="captionsenabled" xmpDM:value="false"/><rdf:li xmpDM:name="sidebarenabled" xmpDM:value="false"/><rdf:li xmpDM:name="unicodeenabled" xmpDM:value="false"/><rdf:li xmpDM:name="backgroundcolor" xmpDM:value="000000"/><rdf:li xmpDM:name="sidebarlocation" xmpDM:value="left"/><rdf:li xmpDM:name="endaction" xmpDM:value="stop"/><rdf:li xmpDM:name="endactionparam" xmpDM:value="true"/><rdf:li xmpDM:name="locale" xmpDM:value="en-US"/></rdf:Bag>
               </tscDM:parameters>
               <tscDM:controllerText>
                  <rdf:Bag>
                  </rdf:Bag>
               </tscDM:controllerText>
            </rdf:Description>
         </tscDM:controller>
         <tscDM:contentList>
            <rdf:Description>
               <tscDM:files>
                  <rdf:Seq>
                     <rdf:li xmpDM:name="0" xmpDM:value="module26_3.mp4"/><rdf:li xmpDM:name="1" xmpDM:value="module26_3.zip"/><rdf:li xmpDM:name="2" xmpDM:value="module26_3_First_Frame.png"/></rdf:Seq>
               </tscDM:files>
            </rdf:Description>
         </tscDM:contentList>
      </rdf:Description>
   </rdf:RDF>
</x:xmpmeta>