<x:xmpmeta tsc:version="2.0.1" xmlns:x="adobe:ns:meta/" xmlns:tsc="http://www.techsmith.com/xmp/tsc/">
   <rdf:RDF xmlns:rdf="http://www.w3.org/1999/02/22-rdf-syntax-ns#" xmlns:xmp="http://ns.adobe.com/xap/1.0/" xmlns:xmpDM="http://ns.adobe.com/xmp/1.0/DynamicMedia/" xmlns:xmpG="http://ns.adobe.com/xap/1.0/g/" xmlns:xmpMM="http://ns.adobe.com/xap/1.0/mm/" xmlns:tscDM="http://www.techsmith.com/xmp/tscDM/" xmlns:tscIQ="http://www.techsmith.com/xmp/tscIQ/" xmlns:tscHS="http://www.techsmith.com/xmp/tscHS/" xmlns:stDim="http://ns.adobe.com/xap/1.0/sType/Dimensions#" xmlns:stFnt="http://ns.adobe.com/xap/1.0/sType/Font#" xmlns:exif="http://ns.adobe.com/exif/1.0" xmlns:dc="http://purl.org/dc/elements/1.1/">
      <rdf:Description dc:date="2024-12-17 08:11:22 PM" dc:source="Camtasia,21.0.11,enu" dc:title="module26_5" tscDM:firstFrame="module26_5_First_Frame.png" tscDM:originId="2D7B8636-3B64-4FBA-AD3C-C6FCBDD791C7" tscDM:project="module26_5">
         <xmpDM:duration xmpDM:scale="1/1000" xmpDM:value="127366"/>
         <xmpDM:videoFrameSize stDim:unit="pixel" stDim:h="904" stDim:w="1418"/>
         <tsc:langName>
            <rdf:Bag>
               <rdf:li xml:lang="en-US">English</rdf:li></rdf:Bag>
         </tsc:langName>
         <xmpDM:Tracks>
            <rdf:Bag>
               <rdf:li>
                  <rdf:Description xmpDM:trackType="Caption" xmpDM:frameRate="f1000" xmpDM:trackName="Captioning" stFnt:fontFamily="Arial" tscDM:fontSize="30" tscDM:bgOpacity="0.750000" tscDM:position="overlay">
                     <xmpDM:markers>
                        <rdf:Seq>
                           <rdf:li><rdf:Description xmpDM:duration="6000" xmpDM:startTime="0" tscDM:valign="bottom" tscDM:halign="center"><xmpDM:name><rdf:Alt><rdf:li xml:lang="en-US">{\rtf1 Trong mô-đun này, bạn đã tìm hiểu về bốn hành động chung mà bạn có thể thực hiện để}</rdf:li></rdf:Alt></xmpDM:name></rdf:Description></rdf:li><rdf:li><rdf:Description xmpDM:duration="3000" xmpDM:startTime="6000" tscDM:valign="bottom" tscDM:halign="center"><xmpDM:name><rdf:Alt><rdf:li xml:lang="en-US">{\rtf1 hỗ trợ học sinh gặp khó khăn về SLD khi viết.}</rdf:li></rdf:Alt></xmpDM:name></rdf:Description></rdf:li><rdf:li><rdf:Description xmpDM:duration="5000" xmpDM:startTime="9000" tscDM:valign="bottom" tscDM:halign="center"><xmpDM:name><rdf:Alt><rdf:li xml:lang="en-US">{\rtf1 Bạn cũng có cơ hội xem các chuyên gia và giáo viên thảo luận về những cách khác nhau để bạn}</rdf:li></rdf:Alt></xmpDM:name></rdf:Description></rdf:li><rdf:li><rdf:Description xmpDM:duration="3000" xmpDM:startTime="14000" tscDM:valign="bottom" tscDM:halign="center"><xmpDM:name><rdf:Alt><rdf:li xml:lang="en-US">{\rtf1 cải thiện hướng dẫn viết cho học sinh của bạn.}</rdf:li></rdf:Alt></xmpDM:name></rdf:Description></rdf:li><rdf:li><rdf:Description xmpDM:duration="3000" xmpDM:startTime="17000" tscDM:valign="bottom" tscDM:halign="center"><xmpDM:name><rdf:Alt><rdf:li xml:lang="en-US">{\rtf1 Hãy dành chút thời gian để suy nghĩ về những câu hỏi sau.}</rdf:li></rdf:Alt></xmpDM:name></rdf:Description></rdf:li><rdf:li><rdf:Description xmpDM:duration="13000" xmpDM:startTime="20000" tscDM:valign="bottom" tscDM:halign="center"><xmpDM:name><rdf:Alt><rdf:li xml:lang="en-US">{\rtf1 Hãy nhớ rằng, 95% học sinh có khuyết tật học tập không có kỹ năng để chứng minh sự thành thạo}</rdf:li></rdf:Alt></xmpDM:name></rdf:Description></rdf:li><rdf:li><rdf:Description xmpDM:duration="3000" xmpDM:startTime="33000" tscDM:valign="bottom" tscDM:halign="center"><xmpDM:name><rdf:Alt><rdf:li xml:lang="en-US">{\rtf1 có kỹ năng viết tiên quyết.}</rdf:li></rdf:Alt></xmpDM:name></rdf:Description></rdf:li><rdf:li><rdf:Description xmpDM:duration="7000" xmpDM:startTime="36000" tscDM:valign="bottom" tscDM:halign="center"><xmpDM:name><rdf:Alt><rdf:li xml:lang="en-US">{\rtf1 Là một giáo viên, bạn đóng vai trò trung tâm trong việc nuôi dưỡng mong muốn đó, tổ chức thực hành và xây dựng cấu trúc}</rdf:li></rdf:Alt></xmpDM:name></rdf:Description></rdf:li><rdf:li><rdf:Description xmpDM:duration="4000" xmpDM:startTime="43000" tscDM:valign="bottom" tscDM:halign="center"><xmpDM:name><rdf:Alt><rdf:li xml:lang="en-US">{\rtf1 sự hỗ trợ mà mỗi trẻ cần để trở thành một nhà văn hiệu quả.}</rdf:li></rdf:Alt></xmpDM:name></rdf:Description></rdf:li><rdf:li><rdf:Description xmpDM:duration="10100" xmpDM:startTime="47000" tscDM:valign="bottom" tscDM:halign="center"><xmpDM:name><rdf:Alt><rdf:li xml:lang="en-US">{\rtf1 Hãy dành chút thời gian để xem Tiến sĩ Harris giải thích tầm quan trọng của việc sử dụng các chiến lược dựa trên bằng chứng.}</rdf:li></rdf:Alt></xmpDM:name></rdf:Description></rdf:li><rdf:li><rdf:Description xmpDM:duration="2167" xmpDM:startTime="57100" tscDM:valign="bottom" tscDM:halign="center"><xmpDM:name><rdf:Alt><rdf:li xml:lang="en-US">{\rtf1 Hãy dành chút thời gian để xem Tiến sĩ Harris giải thích tầm quan trọng của việc sử dụng các chiến lược dựa trên bằng chứng.}</rdf:li></rdf:Alt></xmpDM:name></rdf:Description></rdf:li><rdf:li><rdf:Description xmpDM:duration="5000" xmpDM:startTime="59267" tscDM:valign="bottom" tscDM:halign="center"><xmpDM:name><rdf:Alt><rdf:li xml:lang="en-US">{\rtf1 Điều đầu tiên giáo viên cần làm để trở thành giáo viên dạy viết hiệu quả là nghiên cứu các bằng chứng dựa trên}</rdf:li></rdf:Alt></xmpDM:name></rdf:Description></rdf:li><rdf:li><rdf:Description xmpDM:duration="3000" xmpDM:startTime="64267" tscDM:valign="bottom" tscDM:halign="center"><xmpDM:name><rdf:Alt><rdf:li xml:lang="en-US">{\rtf1 những thực hành mà chúng ta có.}</rdf:li></rdf:Alt></xmpDM:name></rdf:Description></rdf:li><rdf:li><rdf:Description xmpDM:duration="5000" xmpDM:startTime="67267" tscDM:valign="bottom" tscDM:halign="center"><xmpDM:name><rdf:Alt><rdf:li xml:lang="en-US">{\rtf1 Thật không may, trong nhiều thập kỷ nay, người ta vẫn tin rằng trẻ em học cách}</rdf:li></rdf:Alt></xmpDM:name></rdf:Description></rdf:li><rdf:li><rdf:Description xmpDM:duration="6000" xmpDM:startTime="72267" tscDM:valign="bottom" tscDM:halign="center"><xmpDM:name><rdf:Alt><rdf:li xml:lang="en-US">{\rtf1 viết một cách tự nhiên giống như cách họ học nói một cách tự nhiên, mà nói thật thì nói không hề tự nhiên.}</rdf:li></rdf:Alt></xmpDM:name></rdf:Description></rdf:li><rdf:li><rdf:Description xmpDM:duration="4000" xmpDM:startTime="78267" tscDM:valign="bottom" tscDM:halign="center"><xmpDM:name><rdf:Alt><rdf:li xml:lang="en-US">{\rtf1 Bạn được hàng trăm người hỗ trợ khi còn là trẻ sơ sinh và trẻ mới biết đi.}</rdf:li></rdf:Alt></xmpDM:name></rdf:Description></rdf:li><rdf:li><rdf:Description xmpDM:duration="4000" xmpDM:startTime="82267" tscDM:valign="bottom" tscDM:halign="center"><xmpDM:name><rdf:Alt><rdf:li xml:lang="en-US">{\rtf1 Đây có lẽ là hình thức học tập có giáo trình cụ thể nhất mà bạn từng trải qua trong đời.}</rdf:li></rdf:Alt></xmpDM:name></rdf:Description></rdf:li><rdf:li><rdf:Description xmpDM:duration="5000" xmpDM:startTime="86267" tscDM:valign="bottom" tscDM:halign="center"><xmpDM:name><rdf:Alt><rdf:li xml:lang="en-US">{\rtf1 Những gì chúng tôi tìm thấy với dữ liệu về phương pháp tiếp cận ngôn ngữ toàn diện cho thấy dữ liệu về NAIP}</rdf:li></rdf:Alt></xmpDM:name></rdf:Description></rdf:li><rdf:li><rdf:Description xmpDM:duration="5000" xmpDM:startTime="91267" tscDM:valign="bottom" tscDM:halign="center"><xmpDM:name><rdf:Alt><rdf:li xml:lang="en-US">{\rtf1 và những điều tương tự cho thấy cách tiếp cận đó không thực sự thành công.}</rdf:li></rdf:Alt></xmpDM:name></rdf:Description></rdf:li><rdf:li><rdf:Description xmpDM:duration="6000" xmpDM:startTime="96267" tscDM:valign="bottom" tscDM:halign="center"><xmpDM:name><rdf:Alt><rdf:li xml:lang="en-US">{\rtf1 Vì vậy, chúng ta cần phải thực hành dựa trên bằng chứng về kỹ năng và cơ học, chữ viết tay và chính tả,}</rdf:li></rdf:Alt></xmpDM:name></rdf:Description></rdf:li><rdf:li><rdf:Description xmpDM:duration="4000" xmpDM:startTime="102267" tscDM:valign="bottom" tscDM:halign="center"><xmpDM:name><rdf:Alt><rdf:li xml:lang="en-US">{\rtf1 vùng phiên âm, câu kết hợp cấu trúc câu.}</rdf:li></rdf:Alt></xmpDM:name></rdf:Description></rdf:li><rdf:li><rdf:Description xmpDM:duration="6000" xmpDM:startTime="106267" tscDM:valign="bottom" tscDM:halign="center"><xmpDM:name><rdf:Alt><rdf:li xml:lang="en-US">{\rtf1 Sau đó, chúng ta cần chuyển sang thực hành dựa trên bằng chứng về thể loại và hướng dẫn về thể loại.}</rdf:li></rdf:Alt></xmpDM:name></rdf:Description></rdf:li><rdf:li><rdf:Description xmpDM:duration="5000" xmpDM:startTime="112267" tscDM:valign="bottom" tscDM:halign="center"><xmpDM:name><rdf:Alt><rdf:li xml:lang="en-US">{\rtf1 Khi giáo viên nghiên cứu sâu sắc các công cụ đó, họ sẽ chuẩn bị tốt hơn nhiều để đáp ứng nhu cầu}</rdf:li></rdf:Alt></xmpDM:name></rdf:Description></rdf:li><rdf:li><rdf:Description xmpDM:duration="1000" xmpDM:startTime="117267" tscDM:valign="bottom" tscDM:halign="center"><xmpDM:name><rdf:Alt><rdf:li xml:lang="en-US">{\rtf1 của học sinh của họ.}</rdf:li></rdf:Alt></xmpDM:name></rdf:Description></rdf:li></rdf:Seq>
                     </xmpDM:markers>
                     <tsc:fgColor xmpG:red="255" xmpG:green="255" xmpG:blue="255"/><tsc:bgColor xmpG:red="0" xmpG:green="0" xmpG:blue="0"/></rdf:Description>
               </rdf:li>
            </rdf:Bag>
         </xmpDM:Tracks>
         <tscDM:controller>
            <rdf:Description xmpDM:name="tscplayer">
               <tscDM:parameters>
                  <rdf:Bag>
                     <rdf:li xmpDM:name="autohide" xmpDM:value="true"/><rdf:li xmpDM:name="autoplay" xmpDM:value="false"/><rdf:li xmpDM:name="loop" xmpDM:value="false"/><rdf:li xmpDM:name="searchable" xmpDM:value="true"/><rdf:li xmpDM:name="captionsenabled" xmpDM:value="false"/><rdf:li xmpDM:name="sidebarenabled" xmpDM:value="false"/><rdf:li xmpDM:name="unicodeenabled" xmpDM:value="false"/><rdf:li xmpDM:name="backgroundcolor" xmpDM:value="000000"/><rdf:li xmpDM:name="sidebarlocation" xmpDM:value="left"/><rdf:li xmpDM:name="endaction" xmpDM:value="stop"/><rdf:li xmpDM:name="endactionparam" xmpDM:value="true"/><rdf:li xmpDM:name="locale" xmpDM:value="en-US"/></rdf:Bag>
               </tscDM:parameters>
               <tscDM:controllerText>
                  <rdf:Bag>
                  </rdf:Bag>
               </tscDM:controllerText>
            </rdf:Description>
         </tscDM:controller>
         <tscDM:contentList>
            <rdf:Description>
               <tscDM:files>
                  <rdf:Seq>
                     <rdf:li xmpDM:name="0" xmpDM:value="module26_5.mp4"/><rdf:li xmpDM:name="1" xmpDM:value="module26_5.zip"/><rdf:li xmpDM:name="2" xmpDM:value="module26_5_First_Frame.png"/></rdf:Seq>
               </tscDM:files>
            </rdf:Description>
         </tscDM:contentList>
      </rdf:Description>
   </rdf:RDF>
</x:xmpmeta>